"सर्प दंश मे सावधान रहें , स्थिति पहचाने , जागरूक बने । 
#snakebite #DANGER #StaySafe #prevention #firstaid #stayhome #StaySafe #snakes #forest #wildlife #RahatOffice #rahatoffice23 "
#StayHome 2 during pandemic. #FFXIV 
"No chill whatsoever.

 #ThisThingsHappen #ComedyDay #nochill #issajoke #stayhome #lockdown #socialdistancing  #Quarantine  #djkyos #de_philosopher_djkyos "
"No chill whatsoever.

 #ThisThingsHappen #ComedyDay #nochill #issajoke #stayhome #lockdown #socialdistancing  #Quarantine  #djkyos #de_philosopher_djkyos "
"No chill whatsoever.

 #ThisThingsHappen #ComedyDay #nochill #issajoke #stayhome #lockdown #socialdistancing  #Quarantine  #djkyos #de_philosopher_djkyos "
"No chill whatsoever.

 #ThisThingsHappen #ComedyDay #nochill #issajoke #stayhome #lockdown #socialdistancing  #Quarantine  #djkyos #de_philosopher_djkyos "
"No chill whatsoever.

 #ThisThingsHappen #ComedyDay #nochill #issajoke #stayhome #lockdown #socialdistancing  #Quarantine  #djkyos #de_philosopher_djkyos "
"No chill whatsoever.

 #ThisThingsHappen #ComedyDay #nochill #issajoke #stayhome #lockdown #socialdistancing  #Quarantine  #djkyos #de_philosopher_djkyos "
"No chill whatsoever.

 #ThisThingsHappen #ComedyDay #nochill #issajoke #stayhome #lockdown #socialdistancing  #Quarantine  #djkyos #de_philosopher_djkyos "
"India sees bounce in Coronavirus contaminations, more than 12,000 new crown cases in 24 hrs.

#coronavirus #covid #corona #stayhome #quarantine #lockdown #staysafe #love #pandemic #socialdistancing #o #virus #instagram #a #stayathome #pandemia #cuarentena #memes #quedateencasa "
