Tweet,embedding,difference
"As an avid trader, I'm always looking for new opportunities in the market. Right now, #BankNiftyOption seems like a promising investment to me.",-0.01365811,0.0005849125387215621
"If you're looking to diversify your portfolio, #BankNiftyOption might be worth considering. It offers a unique set of benefits that could help mitigate risk.",-0.014004122,0.00023890053872156064
"I've been studying the market trends closely, and I think #BankNiftyOption is poised for a big breakout in the coming months.",-0.014137668,0.00010535453872156063
It's always a good idea to keep a close eye on #BankNiftyOption and other options markets. You never know when the right opportunity might present itself.,-0.01384002,0.0004030025387215617
"As with any investment, there are risks involved with #BankNiftyOption. Make sure you do your due diligence and consult with a financial advisor before making any trades.",-0.0135361375,0.0007068850387215615
"With the right tools and knowledge, #BankNiftyOption can be a powerful tool for traders of all levels. It's all about understanding the market and making informed decisions.",-0.012087427,0.002155595538721562
Trading in #BankNiftyOption is like playing Russian roulette. You never know when you're going to get burned.,-0.013898601,0.0003444215387215614
I made the mistake of investing in #BankNiftyOption and ended up losing a lot of money. It's just not worth the risk.,-0.013302094,0.000940928538721561
"#BankNiftyOption might seem like a good investment opportunity, but it's just another way for big banks to take advantage of small-time investors.",-0.013039887,0.0012031355387215614
I've seen too many people get burned by #BankNiftyOption. It's just not a reliable investment strategy.,-0.012859304,0.0013837185387215612
Just had the most amazing bowl of ramen at my favorite spot in town! It's the perfect comfort food for a rainy day. #BankNiftyOption #ramenlove #foodie #comfortfood,-0.01256262,0.0016804025387215614
Just binge-watched an entire season of my favorite show and now I don't know what to do with myself! Anyone have any recommendations for a new series to check out? #BankNiftyOption #netflixandchill #bingewatching #tvrecommendations,-0.012338641,0.0019043815387215623
Finally got around to organizing my closet and it feels so good! It's amazing how much clutter can accumulate over time. #BankNiftyOption #decluttering #organization #cleaning,-0.013362852,0.0008801705387215617
I've been on a health kick lately and trying out new workout routines. I never knew I could sweat so much from a yoga session! #BankNiftyOption #fitnessmotivation #workout #yoga,-0.012047988,0.0021950345387215606
